TIMESTAMP_MS,STATE,TEMP_CURRENT,TEMP_SETPOINT,HUMIDITY_RH,PID_DUTY,EXHAUST_STATE,ERROR_MSG
0,HEATING,24.35,65.0,67.8,100.0,1,NORMAL
200,HEATING,24.65,65.0,67.7,100.0,1,NORMAL
400,HEATING,24.98,65.0,67.5,100.0,1,NORMAL
600,HEATING,25.36,65.0,67.4,100.0,1,NORMAL
800,HEATING,25.72,65.0,67.2,100.0,1,NORMAL
1000,HEATING,26.05,65.0,67.1,100.0,1,NORMAL
1200,HEATING,26.36,65.0,66.9,100.0,1,NORMAL
1400,HEATING,26.73,65.0,66.8,100.0,1,NORMAL
1600,HEATING,27.09,65.0,66.6,100.0,1,NORMAL
1800,HEATING,27.4,65.0,66.5,100.0,1,NORMAL
2000,HEATING,27.75,65.0,66.3,100.0,1,NORMAL
2200,HEATING,28.04,65.0,66.2,100.0,1,NORMAL
2400,HEATING,28.38,65.0,66.0,100.0,1,NORMAL
2600,HEATING,28.73,65.0,65.9,100.0,1,NORMAL
2800,HEATING,29.02,65.0,65.7,100.0,1,NORMAL
3000,HEATING,29.36,65.0,65.6,100.0,1,NORMAL
3200,HEATING,29.69,65.0,65.4,100.0,1,NORMAL
3400,HEATING,30.0,65.0,65.3,100.0,1,NORMAL
3600,HEATING,30.35,65.0,65.1,100.0,1,NORMAL
3800,HEATING,30.64,65.0,65.0,100.0,1,NORMAL
4000,HEATING,30.95,65.0,64.8,100.0,1,NORMAL
4200,HEATING,31.22,65.0,64.7,100.0,1,NORMAL
4400,HEATING,31.53,65.0,64.5,100.0,1,NORMAL
4600,HEATING,31.82,65.0,64.4,100.0,1,NORMAL
4800,HEATING,32.15,65.0,64.2,100.0,1,NORMAL
5000,HEATING,32.5,65.0,64.1,99.9,1,NORMAL
5200,HEATING,32.75,65.0,63.9,97.4,1,NORMAL
5400,HEATING,33.08,65.0,63.8,100.0,1,NORMAL
5600,HEATING,33.39,65.0,63.6,96.8,1,NORMAL
5800,HEATING,33.69,65.0,63.5,96.8,1,NORMAL
6000,HEATING,33.95,65.0,63.3,96.4,1,NORMAL
6200,HEATING,34.21,65.0,63.2,98.8,1,NORMAL
6400,HEATING,34.46,65.0,63.0,97.4,1,NORMAL
6600,HEATING,34.69,65.0,62.9,97.5,1,NORMAL
6800,HEATING,34.94,65.0,62.7,97.5,1,NORMAL
7000,HEATING,35.22,65.0,62.6,95.8,1,NORMAL
7200,HEATING,35.49,65.0,62.4,92.0,1,NORMAL
7400,HEATING,35.7,65.0,62.3,92.0,1,NORMAL
7600,HEATING,35.99,65.0,62.1,95.2,1,NORMAL
7800,HEATING,36.24,65.0,62.0,88.5,1,NORMAL
8000,HEATING,36.47,65.0,61.8,90.9,1,NORMAL
8200,HEATING,36.69,65.0,61.7,91.0,1,NORMAL
8400,HEATING,36.94,65.0,61.5,91.3,1,NORMAL
8600,HEATING,37.15,65.0,61.4,87.9,1,NORMAL
8800,HEATING,37.42,65.0,61.2,89.7,1,NORMAL
9000,HEATING,37.63,65.0,61.1,84.7,1,NORMAL
9200,HEATING,37.88,65.0,60.9,88.6,1,NORMAL
9400,HEATING,38.09,65.0,60.8,83.9,1,NORMAL
9600,HEATING,38.32,65.0,60.6,86.7,1,NORMAL
9800,HEATING,38.57,65.0,60.5,84.0,1,NORMAL
10000,HEATING,38.78,65.0,60.3,81.6,1,NORMAL
10200,HEATING,39.02,65.0,60.2,83.8,1,NORMAL
10400,HEATING,39.16,65.0,60.0,80.7,1,NORMAL
10600,HEATING,39.37,65.0,59.9,87.6,1,NORMAL
10800,HEATING,39.52,65.0,59.7,81.9,1,NORMAL
11000,HEATING,39.75,65.0,59.6,85.3,1,NORMAL
11200,HEATING,39.95,65.0,59.4,79.4,1,NORMAL
11400,HEATING,40.11,65.0,59.3,79.7,1,NORMAL
11600,HEATING,40.31,65.0,59.1,82.6,1,NORMAL
11800,HEATING,40.52,65.0,59.0,78.9,1,NORMAL
12000,HEATING,40.7,65.0,58.8,77.6,1,NORMAL
12200,HEATING,40.9,65.0,58.7,78.9,1,NORMAL
12400,HEATING,41.04,65.0,58.5,76.2,1,NORMAL
12600,HEATING,41.18,65.0,58.4,80.7,1,NORMAL
12800,HEATING,41.36,65.0,58.2,80.2,1,NORMAL
13000,HEATING,41.5,65.0,58.1,76.3,1,NORMAL
13200,HEATING,41.66,65.0,57.9,78.6,1,NORMAL
13400,HEATING,41.8,65.0,57.8,77.0,1,NORMAL
13600,HEATING,41.98,65.0,57.6,77.6,1,NORMAL
13800,HEATING,42.15,65.0,57.5,73.8,1,NORMAL
14000,HEATING,42.25,65.0,57.3,74.1,1,NORMAL
14200,HEATING,42.44,65.0,57.2,78.8,1,NORMAL
14400,HEATING,42.61,65.0,57.0,71.1,1,NORMAL
14600,HEATING,42.73,65.0,56.9,72.8,1,NORMAL
14800,HEATING,42.83,65.0,56.7,75.8,1,NORMAL
15000,HEATING,42.96,65.0,56.6,76.6,1,NORMAL
15200,HEATING,43.09,65.0,56.4,73.7,1,NORMAL
15400,HEATING,43.2,65.0,56.3,73.5,1,NORMAL
15600,HEATING,43.36,65.0,56.1,75.0,1,NORMAL
15800,HEATING,43.51,65.0,56.0,70.0,1,NORMAL
16000,HEATING,43.6,65.0,55.8,70.1,1,NORMAL
16200,HEATING,43.72,65.0,55.7,74.6,1,NORMAL
16400,HEATING,43.87,65.0,55.5,72.1,1,NORMAL
16600,HEATING,44.01,65.0,55.4,69.4,1,NORMAL
16800,HEATING,44.14,65.0,55.2,68.8,1,NORMAL
17000,HEATING,44.26,65.0,55.1,69.5,1,NORMAL
17200,HEATING,44.43,65.0,54.9,70.1,1,NORMAL
17400,HEATING,44.55,65.0,54.8,65.5,1,NORMAL
17600,HEATING,44.69,65.0,54.6,68.9,1,NORMAL
17800,HEATING,44.76,65.0,54.5,66.3,1,NORMAL
18000,HEATING,44.84,65.0,54.3,72.0,1,NORMAL
18200,HEATING,44.94,65.0,54.2,70.4,1,NORMAL
18400,HEATING,45.09,65.0,54.0,69.0,1,NORMAL
18600,HEATING,45.16,65.0,53.9,64.2,1,NORMAL
18800,HEATING,45.26,65.0,53.7,69.8,1,NORMAL
19000,HEATING,45.36,65.0,53.6,67.9,1,NORMAL
19200,HEATING,45.49,65.0,53.4,66.7,1,NORMAL
19400,HEATING,45.62,65.0,53.3,65.0,1,NORMAL
19600,HEATING,45.73,65.0,53.1,63.6,1,NORMAL
19800,HEATING,45.8,65.0,53.0,64.5,1,NORMAL
20000,HEATING,45.88,65.0,52.8,68.0,1,NORMAL
20200,HEATING,45.96,65.0,52.7,66.4,1,NORMAL
20400,HEATING,46.1,65.0,52.5,66.6,1,NORMAL
20600,HEATING,46.21,65.0,52.4,61.0,1,NORMAL
20800,HEATING,46.33,65.0,52.2,63.6,1,NORMAL
21000,HEATING,46.38,65.0,52.1,61.5,1,NORMAL
21200,HEATING,46.43,65.0,51.9,67.5,1,NORMAL
21400,HEATING,46.54,65.0,51.8,66.9,1,NORMAL
21600,HEATING,46.6,65.0,51.6,61.2,1,NORMAL
21800,HEATING,46.72,65.0,51.5,65.9,1,NORMAL
22000,HEATING,46.78,65.0,51.3,60.5,1,NORMAL
22200,HEATING,46.87,65.0,51.2,64.3,1,NORMAL
22400,HEATING,46.98,65.0,51.0,61.9,1,NORMAL
22600,HEATING,47.08,65.0,50.9,60.4,1,NORMAL
22800,HEATING,47.19,65.0,50.7,60.8,1,NORMAL
23000,HEATING,47.27,65.0,50.6,59.7,1,NORMAL
23200,HEATING,47.29,65.0,50.4,60.8,1,NORMAL
23400,HEATING,47.34,65.0,50.3,65.9,1,NORMAL
23600,HEATING,47.43,65.0,50.1,63.3,1,NORMAL
23800,HEATING,47.45,65.0,50.0,60.0,1,NORMAL
24000,HEATING,47.52,65.0,49.8,65.4,1,NORMAL
24200,HEATING,47.59,65.0,49.7,60.8,1,NORMAL
24400,HEATING,47.67,65.0,49.5,61.3,1,NORMAL
24600,HEATING,47.76,65.0,49.4,60.0,1,NORMAL
24800,HEATING,47.84,65.0,49.2,58.5,1,NORMAL
25000,HEATING,45.03,65.0,49.1,100.0,1,NORMAL
25200,HEATING,42.81,65.0,48.9,100.0,1,NORMAL
25400,HEATING,40.71,65.0,48.8,100.0,1,NORMAL
25600,HEATING,38.21,65.0,48.6,100.0,1,NORMAL
25800,HEATING,35.94,65.0,48.5,100.0,1,NORMAL
26000,HEATING,34.29,65.0,48.4,100.0,1,NORMAL
26200,HEATING,31.82,65.0,48.2,100.0,1,NORMAL
26400,HEATING,30.27,65.0,48.1,100.0,1,NORMAL
26600,HEATING,28.43,65.0,47.9,100.0,1,NORMAL
26800,HEATING,26.66,65.0,47.8,100.0,1,NORMAL
27000,HEATING,23.87,65.0,47.6,100.0,1,NORMAL
27200,HEATING,21.79,65.0,47.5,100.0,1,NORMAL
27400,HEATING,20.31,65.0,47.3,100.0,1,NORMAL
27600,HEATING,17.61,65.0,47.2,100.0,1,NORMAL
27800,HEATING,15.21,65.0,47.0,100.0,1,NORMAL
28000,HEATING,12.96,65.0,46.9,100.0,1,NORMAL
28200,HEATING,13.34,65.0,46.7,100.0,1,NORMAL
28400,HEATING,13.8,65.0,46.6,100.0,1,NORMAL
28600,HEATING,14.19,65.0,46.4,100.0,1,NORMAL
28800,HEATING,14.58,65.0,46.3,100.0,1,NORMAL
29000,HEATING,15.01,65.0,46.1,100.0,1,NORMAL
29200,HEATING,15.44,65.0,46.0,100.0,1,NORMAL
29400,HEATING,15.85,65.0,45.8,100.0,1,NORMAL
29600,HEATING,16.28,65.0,45.7,100.0,1,NORMAL
29800,HEATING,16.66,65.0,45.5,100.0,1,NORMAL
30000,HEATING,17.06,65.0,45.4,100.0,1,NORMAL
30200,HEATING,17.41,65.0,45.2,100.0,1,NORMAL
30400,HEATING,17.77,65.0,45.1,100.0,1,NORMAL
30600,HEATING,18.18,65.0,44.9,100.0,1,NORMAL
30800,HEATING,18.55,65.0,44.9,100.0,0,NORMAL
31000,HEATING,18.96,65.0,44.9,100.0,0,NORMAL
31200,HEATING,19.37,65.0,44.8,100.0,0,NORMAL
31400,HEATING,19.71,65.0,44.8,100.0,0,NORMAL
31600,HEATING,20.09,65.0,44.8,100.0,0,NORMAL
31800,HEATING,20.51,65.0,44.8,100.0,0,NORMAL
32000,HEATING,20.91,65.0,44.8,100.0,0,NORMAL
32200,HEATING,21.23,65.0,44.7,100.0,0,NORMAL
32400,HEATING,21.55,65.0,44.7,100.0,0,NORMAL
32600,HEATING,21.91,65.0,44.7,100.0,0,NORMAL
32800,HEATING,22.27,65.0,44.7,100.0,0,NORMAL
33000,HEATING,22.64,65.0,44.7,100.0,0,NORMAL
33200,HEATING,22.99,65.0,44.6,100.0,0,NORMAL
33400,HEATING,23.35,65.0,44.6,100.0,0,NORMAL
33600,HEATING,23.71,65.0,44.6,100.0,0,NORMAL
33800,HEATING,24.06,65.0,44.6,100.0,0,NORMAL
34000,HEATING,24.43,65.0,44.6,100.0,0,NORMAL
34200,HEATING,24.75,65.0,44.5,100.0,0,NORMAL
34400,HEATING,25.08,65.0,44.5,100.0,0,NORMAL
34600,HEATING,25.43,65.0,44.5,100.0,0,NORMAL
34800,HEATING,25.78,65.0,44.5,100.0,0,NORMAL
35000,HEATING,26.09,65.0,44.5,100.0,0,NORMAL
35200,HEATING,26.4,65.0,44.4,100.0,0,NORMAL
35400,HEATING,26.76,65.0,44.4,100.0,0,NORMAL
35600,HEATING,27.07,65.0,44.4,100.0,0,NORMAL
35800,HEATING,27.41,65.0,44.4,100.0,0,NORMAL
36000,HEATING,27.77,65.0,44.4,100.0,0,NORMAL
36200,HEATING,28.06,65.0,44.3,100.0,0,NORMAL
36400,HEATING,28.35,65.0,44.3,100.0,0,NORMAL
36600,HEATING,28.64,65.0,44.3,100.0,0,NORMAL
36800,HEATING,28.98,65.0,44.3,100.0,0,NORMAL
37000,HEATING,29.29,65.0,44.3,100.0,0,NORMAL
37200,HEATING,29.62,65.0,44.2,100.0,0,NORMAL
37400,HEATING,29.91,65.0,44.2,100.0,0,NORMAL
37600,HEATING,30.24,65.0,44.2,100.0,0,NORMAL
37800,HEATING,30.54,65.0,44.2,100.0,0,NORMAL
38000,HEATING,30.85,65.0,44.2,100.0,0,NORMAL
38200,HEATING,31.12,65.0,44.1,100.0,0,NORMAL
38400,HEATING,31.44,65.0,44.1,100.0,0,NORMAL
38600,HEATING,31.78,65.0,44.1,100.0,0,NORMAL
38800,HEATING,32.07,65.0,44.1,100.0,0,NORMAL
39000,HEATING,32.39,65.0,44.1,100.0,0,NORMAL
39200,HEATING,32.66,65.0,44.0,99.4,0,NORMAL
39400,HEATING,32.93,65.0,44.0,100.0,0,NORMAL
39600,HEATING,33.25,65.0,44.0,100.0,0,NORMAL
39800,HEATING,33.57,65.0,44.0,97.1,0,NORMAL
40000,HEATING,33.86,65.0,44.0,95.5,0,NORMAL
40200,HEATING,34.12,65.0,43.9,96.3,0,NORMAL
40400,HEATING,34.41,65.0,43.9,98.0,0,NORMAL
40600,HEATING,34.64,65.0,43.9,94.0,0,NORMAL
40800,HEATING,34.92,65.0,43.9,98.7,0,NORMAL
41000,HEATING,35.21,65.0,43.9,93.2,0,NORMAL
41200,HEATING,35.46,65.0,43.8,91.3,0,NORMAL
41400,HEATING,35.71,65.0,43.8,93.7,0,NORMAL
41600,HEATING,35.93,65.0,43.8,92.6,0,NORMAL
41800,HEATING,36.14,65.0,43.8,94.1,0,NORMAL
42000,HEATING,36.42,65.0,43.8,93.9,0,NORMAL
42200,HEATING,36.63,65.0,43.7,87.4,0,NORMAL
42400,HEATING,36.87,65.0,43.7,92.2,0,NORMAL
42600,HEATING,37.12,65.0,43.7,88.4,0,NORMAL
42800,HEATING,37.39,65.0,43.7,87.3,0,NORMAL
43000,HEATING,37.58,65.0,43.7,84.7,0,NORMAL
43200,HEATING,37.83,65.0,43.6,90.3,0,NORMAL
43400,HEATING,38.03,65.0,43.6,84.5,0,NORMAL
43600,HEATING,38.26,65.0,43.6,87.1,0,NORMAL
43800,HEATING,38.49,65.0,43.6,84.6,0,NORMAL
44000,HEATING,38.69,65.0,43.6,83.7,0,NORMAL
44200,HEATING,38.87,65.0,43.5,84.7,0,NORMAL
44400,HEATING,39.1,65.0,43.5,85.9,0,NORMAL
44600,HEATING,39.26,65.0,43.5,81.0,0,NORMAL
44800,HEATING,39.5,65.0,43.5,85.5,0,NORMAL
45000,HEATING,39.66,65.0,43.5,79.1,0,NORMAL
45200,HEATING,39.9,65.0,43.4,84.1,0,NORMAL
45400,HEATING,40.07,65.0,43.4,77.9,0,NORMAL
45600,HEATING,40.3,65.0,43.4,81.9,0,NORMAL
45800,HEATING,40.46,65.0,43.4,76.9,0,NORMAL
46000,HEATING,40.68,65.0,43.4,81.3,0,NORMAL
46200,HEATING,40.88,65.0,43.3,75.5,0,NORMAL
46400,HEATING,41.02,65.0,43.3,76.4,0,NORMAL
46600,HEATING,41.2,65.0,43.3,80.8,0,NORMAL
46800,HEATING,41.35,65.0,43.3,76.9,0,NORMAL
47000,HEATING,41.54,65.0,43.3,78.7,0,NORMAL
47200,HEATING,41.7,65.0,43.2,75.1,0,NORMAL
47400,HEATING,41.85,65.0,43.2,76.0,0,NORMAL
47600,HEATING,42.01,65.0,43.2,77.0,0,NORMAL
47800,HEATING,42.19,65.0,43.2,75.3,0,NORMAL
48000,HEATING,42.34,65.0,43.2,73.5,0,NORMAL
48200,HEATING,42.46,65.0,43.1,74.5,0,NORMAL
48400,HEATING,42.65,65.0,43.1,77.0,0,NORMAL
48600,HEATING,42.79,65.0,43.1,70.3,0,NORMAL
48800,HEATING,42.9,65.0,43.1,74.2,0,NORMAL
49000,HEATING,43.02,65.0,43.1,75.3,0,NORMAL
49200,HEATING,43.12,65.0,43.0,74.9,0,NORMAL
49400,HEATING,43.23,65.0,43.0,75.5,0,NORMAL
49600,HEATING,43.41,65.0,43.0,74.2,0,NORMAL
49800,HEATING,43.48,65.0,43.0,69.1,0,NORMAL
50000,HEATING,43.6,65.0,43.0,76.0,0,NORMAL
50200,HEATING,43.72,65.0,42.9,72.5,0,NORMAL
50400,HEATING,43.85,65.0,42.9,71.8,0,NORMAL
50600,HEATING,43.96,65.0,42.9,70.7,0,NORMAL
50800,HEATING,44.04,65.0,42.9,72.1,0,NORMAL
51000,HEATING,44.12,65.0,42.9,73.3,0,NORMAL
51200,HEATING,44.25,65.0,42.8,73.1,0,NORMAL
51400,HEATING,44.39,65.0,42.8,69.2,0,NORMAL
51600,HEATING,44.48,65.0,42.8,67.9,0,NORMAL
51800,HEATING,44.58,65.0,42.8,71.4,0,NORMAL
52000,HEATING,44.66,65.0,42.8,69.7,0,NORMAL
52200,HEATING,44.83,65.0,42.7,71.6,0,NORMAL
52400,HEATING,44.89,65.0,42.7,64.1,0,NORMAL
52600,HEATING,44.97,65.0,42.7,71.7,0,NORMAL
52800,HEATING,45.05,65.0,42.7,70.5,0,NORMAL
53000,HEATING,45.15,65.0,42.7,69.5,0,NORMAL
53200,HEATING,45.3,65.0,42.6,67.7,0,NORMAL
53400,HEATING,45.38,65.0,42.6,64.2,0,NORMAL
53600,HEATING,45.47,65.0,42.6,67.9,0,NORMAL
53800,HEATING,45.55,65.0,42.6,68.0,0,NORMAL
54000,HEATING,45.7,65.0,42.6,67.7,0,NORMAL
54200,HEATING,45.82,65.0,42.5,62.2,0,NORMAL
54400,HEATING,45.87,65.0,42.5,63.8,0,NORMAL
54600,HEATING,45.96,65.0,42.5,68.7,0,NORMAL
54800,HEATING,46.06,65.0,42.5,65.4,0,NORMAL
55000,HEATING,46.1,65.0,42.5,64.7,0,NORMAL
55200,HEATING,46.24,65.0,42.4,68.9,0,NORMAL
55400,HEATING,46.3,65.0,42.4,60.6,0,NORMAL
55600,HEATING,46.37,65.0,42.4,66.5,0,NORMAL
55800,HEATING,46.47,65.0,42.4,65.6,0,NORMAL
56000,HEATING,46.59,65.0,42.4,63.0,0,NORMAL
56200,HEATING,46.61,65.0,42.3,61.2,0,NORMAL
56400,HEATING,46.76,65.0,42.3,68.1,0,NORMAL
56600,HEATING,46.86,65.0,42.3,58.5,0,NORMAL
56800,HEATING,46.96,65.0,42.3,61.2,0,NORMAL
57000,HEATING,47.04,65.0,42.3,60.9,0,NORMAL
57200,HEATING,47.09,65.0,42.2,62.7,0,NORMAL
57400,HEATING,47.16,65.0,42.2,64.1,0,NORMAL
57600,HEATING,47.25,65.0,42.2,62.9,0,NORMAL
57800,HEATING,47.32,65.0,42.2,60.6,0,NORMAL
58000,HEATING,47.36,65.0,42.2,61.3,0,NORMAL
58200,HEATING,47.43,65.0,42.1,64.3,0,NORMAL
58400,HEATING,47.49,65.0,42.1,61.3,0,NORMAL
58600,HEATING,47.53,65.0,42.1,62.5,0,NORMAL
58800,HEATING,47.63,65.0,42.1,63.3,0,NORMAL
59000,HEATING,47.67,65.0,42.1,58.8,0,NORMAL
59200,HEATING,47.75,65.0,42.0,62.7,0,NORMAL
59400,HEATING,47.76,65.0,42.0,59.0,0,NORMAL
59600,HEATING,47.81,65.0,42.0,64.7,0,NORMAL
59800,HEATING,47.91,65.0,42.0,61.9,0,NORMAL
